"metric","median","q1","q3","unit"
"r_fit_seconds",4.81,4.81,4.83,"seconds"
"python_fit_seconds",0.63032199999725,0.630183299996133,0.632541400002083,"seconds"
"fit_difference",4.1827676999988,4.17981670000387,4.19232629999722,"seconds"
"r_cold_seconds",28.3,28.28,28.41,"seconds"
"python_cold_seconds",16.95,16.87,16.96,"seconds"
"cold_difference",11.4,11.35,11.54,"seconds"
"r_peak_rss",602.8515625,601.2578125,604.88671875,"MiB"
"python_peak_rss",402.234375,402.07421875,402.37890625,"MiB"
"peak_rss_difference",199.96875,199.18359375,202.5078125,"MiB"
